Workbook

Sheet recipients
A1: Mail | B1: Name | C1: Subject
A2: ryo.shirai@astellas.com | B2: Ryo | C2: Exclusive Invitation to Adaptive SSOW26 Cocktail Dinner 18.05.2026 Estoril - Lisbon
A3: mila.adzhova@nttdata.com | B3: Mila | C3: Exclusive Invitation to Adaptive SSOW26 Cocktail Dinner 18.05.2026 Estoril - Lisbon
A4: monica.aguera@sanofi.com | B4: Monica | C4: Exclusive Invitation to Adaptive SSOW26 Cocktail Dinner 18.05.2026 Estoril - Lisbon
A5: andreas.amrein@akzonobel.com | B5: Andreas | C5: Exclusive Invitation to Adaptive SSOW26 Cocktail Dinner 18.05.2026 Estoril - Lisbon
A6: malwina.angerman-kowalska@haleon.com | B6: Malwina | C6: Exclusive Invitation to Adaptive SSOW26 Cocktail Dinner 18.05.2026 Estoril - Lisbon
A7: aneta.antoniuk@pmi.com | B7: Aneta | C7: Exclusive Invitation to Adaptive SSOW26 Cocktail Dinner 18.05.2026 Estoril - Lisbon
A8: priyambhu.arya@arcelormittal.com | B8: Priyambhu | C8: Exclusive Invitation to Adaptive SSOW26 Cocktail Dinner 18.05.2026 Estoril - Lisbon
A9: mike.asberg@heinzdf.com | B9: Mike | C9: Exclusive Invitation to Adaptive SSOW26 Cocktail Dinner 18.05.2026 Estoril - Lisbon
A10: damilola_atoyegbe@baxter.com | B10: Damilola | C10: Exclusive Invitation to Adaptive SSOW26 Cocktail Dinner 18.05.2026 Estoril - Lisbon
A11: mohamed.benhalima@danone.com | B11: MOHAMED AMINE | C11: Exclusive Invitation to Adaptive SSOW26 Cocktail Dinner 18.05.2026 Estoril - Lisbon
A12: radu.bailau@ammega.com | B12: Radu | C12: Exclusive Invitation to Adaptive SSOW26 Cocktail Dinner 18.05.2026 Estoril - Lisbon
... A100: robert.godziszewski@adaptivesag.com | B100: Robert | C100: Exclusive Invitation to Adaptive SSOW26 Cocktail Dinner 18.05.2026 Estoril - Lisbon

Sheet Sheet1
A1: Mail | B1: Name | C1: vl
A2: krzysztof.adamiec@credit-suisse.com | B2: krzysztof | C2: =VLOOKUP(A2,recipients!A:A,1,0) -> #N/A
A3: agnieszka.szczebiot@gmail.com | B3: Szczebiot | C3: =VLOOKUP(A3,recipients!A:A,1,0) -> #N/A
A4: oliver.albers@cooperstandard.com | B4: Oliver | C4: =VLOOKUP(A4,recipients!A:A,1,0) -> #N/A
A5: albinska.malwina@gmail.com | B5: Malwina | C5: =VLOOKUP(A5,recipients!A:A,1,0) -> #N/A
A6: maleksandrowicz@ca-staff.eu | B6: Magdalena | C6: =VLOOKUP(A6,recipients!A:A,1,0) -> #N/A
A7: philip.alexander@alcon.com | B7: Philip | C7: =VLOOKUP(A7,recipients!A:A,1,0) -> #N/A
A8: MehmetAli.Ozerkan@se.com | B8: Mehmet | C8: =VLOOKUP(A8,recipients!A:A,1,0) -> #N/A
A9: leo.ammerlaan@philips.com | B9: Leo | C9: =VLOOKUP(A9,recipients!A:A,1,0) -> #N/A
A10: piotr.andryszak@signify.com | B10: Piotr | C10: =VLOOKUP(A10,recipients!A:A,1,0) -> #N/A
A11: p.andrzejak@rsig.com.pl | B11: Przemysław | C11: =VLOOKUP(A11,recipients!A:A,1,0) -> #N/A
A12: andrzejewski.zbigniew@lubiana.pl | B12: Zbigniew | C12: =VLOOKUP(A12,recipients!A:A,1,0) -> #N/A
A13: armand.angeli@orange.fr | B13: Armand | C13: =VLOOKUP(A13,recipients!A:A,1,0) -> #N/A
... A599: piotr.zych@te.com | B599: Piotr | C599: =VLOOKUP(A599,recipients!A:A,1,0) -> piotr.zych@te.com
